nan,nan,nan,nan,nan,nan,nan,nan
5.0,20.0,12.0,42.0,0.0033609867095947266,1.0,1.0,-0.30903573008571233
5.0,20.0,21.0,94.0,0.006657838821411133,1.0,1.0,-0.2975267402136682
5.0,20.0,3.0,68.0,0.005434513092041016,1.0,1.0,-0.27303247380644824
5.0,20.0,26.0,100.0,0.007105112075805664,1.0,1.0,-0.28418193698578903
5.0,20.0,40.0,155.0,0.011133670806884766,1.0,1.0,-0.43211471656091616