nan,nan,nan,nan,nan,nan,nan,nan
5.0,20.0,12.0,42.0,1015.3924787044525,1.0,1.0,-0.30903573859842215
5.0,20.0,21.0,94.0,2430.2411103248596,1.0,1.0,-0.29752691768617984
5.0,20.0,3.0,68.0,1721.9817218780518,1.0,1.0,-0.27303251722442906
5.0,20.0,26.0,100.0,2634.4815883636475,1.0,1.0,-0.28418213371343654
5.0,20.0,40.0,155.0,3854.1099240779877,1.0,1.0,-0.43211468658668645
nan,nan,nan,nan,nan,nan,nan,nan
5.0,2.0,1.0,115.0,33.05167770385742,1.0,1.0,0.0009842664003372192
