nan,nan,nan,nan,nan,nan,nan
5.0,20.0,479.0,12072.830835819244,1.0,1.0,-0.04698983813815164
5.0,20.0,86.0,2319.6585896015167,1.0,1.0,-0.031062886047874133
5.0,20.0,145.0,4054.998098373413,1.0,1.0,-0.030000393378960575
5.0,20.0,76.0,9406.006030797958,1.0,1.0,-0.026987455735774775