nan,nan,nan,nan,nan,nan,nan
5.0,20.0,499.0,1008.1533427238464,0.0,1.0,-2.5486351249102484
5.0,20.0,270.0,569.9525058269501,1.0,1.0,-2.082883363852872
5.0,20.0,499.0,1120.6639049053192,0.0,0.0,13816139.05337986
5.0,20.0,96.0,214.7212700843811,1.0,1.0,-1.6875947358706327
5.0,20.0,499.0,1057.378931760788,0.0,0.0,65145856.055562064
